-- phpMyAdmin SQL Dump
-- version 5.0.4
-- https://www.phpmyadmin.net/
--
-- Hôte : localhost:3306
-- Généré le : ven. 01 avr. 2022 à 14:09
-- Version du serveur :  5.7.24
-- Version de PHP : 8.0.1

SET SQL_MODE = "NO_AUTO_VALUE_ON_ZERO";
START TRANSACTION;
SET time_zone = "+00:00";


/*!40101 SET @OLD_CHARACTER_SET_CLIENT=@@CHARACTER_SET_CLIENT */;
/*!40101 SET @OLD_CHARACTER_SET_RESULTS=@@CHARACTER_SET_RESULTS */;
/*!40101 SET @OLD_COLLATION_CONNECTION=@@COLLATION_CONNECTION */;
/*!40101 SET NAMES utf8mb4 */;

--
-- Base de données : `db_aviation`
--

DELIMITER $$
--
-- Procédures
--
CREATE DEFINER=`root`@`localhost` PROCEDURE `set_data` (IN `comp` CHAR(4))  BEGIN
  DECLARE i INT DEFAULT 1;
  DECLARE d DATE DEFAULT '1980-01-01';
  loop_data : LOOP

    IF (i = 20*12) THEN
        LEAVE loop_data;
    END IF;

    INSERT INTO 
    `sales` (created_at, compagny, profit) VALUES ( d, comp, ROUND(RAND()*15 * 100000, 2 ));

    SET d = DATE_ADD(d, INTERVAL 1 MONTH);
    SET i = 1 + i;
  END LOOP; 
END$$

DELIMITER ;

-- --------------------------------------------------------

--
-- Structure de la table `compagnies`
--

CREATE TABLE `compagnies` (
  `comp` char(4) COLLATE utf8mb4_unicode_ci NOT NULL,
  `street` varchar(20) COLLATE utf8mb4_unicode_ci DEFAULT NULL,
  `city` varchar(20) COLLATE utf8mb4_unicode_ci DEFAULT NULL,
  `name` varchar(20) COLLATE utf8mb4_unicode_ci NOT NULL,
  `status` enum('published','unpublished','draft') COLLATE utf8mb4_unicode_ci DEFAULT 'draft',
  `numStreet` int(10) UNSIGNED DEFAULT NULL
) ENGINE=InnoDB DEFAULT CHARSET=utf8mb4 COLLATE=utf8mb4_unicode_ci;

--
-- Déchargement des données de la table `compagnies`
--

INSERT INTO `compagnies` (`comp`, `street`, `city`, `name`, `status`, `numStreet`) VALUES
('AUS', 'sidney', 'Australie', 'AUSTRA Air', 'draft', 19),
('CHI', 'chi', 'Chine', 'CHINA Air', 'draft', NULL),
('FRE1', 'beaubourg', 'France', 'Air France', 'draft', 17),
('FRE2', 'paris', 'France', 'Air Electric', 'draft', 22),
('SIN', 'pasir', 'Singapour', 'SIN A', 'draft', 15);

-- --------------------------------------------------------

--
-- Structure de la table `new_pilots`
--

CREATE TABLE `new_pilots` (
  `certificate` varchar(6) COLLATE utf8mb4_unicode_ci NOT NULL,
  `numFlying` decimal(7,1) DEFAULT NULL,
  `compagny` char(4) COLLATE utf8mb4_unicode_ci DEFAULT NULL,
  `name` varchar(20) COLLATE utf8mb4_unicode_ci NOT NULL,
  `birth_date` datetime DEFAULT NULL,
  `next_fight` datetime DEFAULT NULL,
  `num_jobs` smallint(6) DEFAULT '0'
) ENGINE=InnoDB DEFAULT CHARSET=utf8mb4 COLLATE=utf8mb4_unicode_ci;

-- --------------------------------------------------------

--
-- Structure de la table `pilots`
--

CREATE TABLE `pilots` (
  `certificate` varchar(6) COLLATE utf8mb4_unicode_ci NOT NULL,
  `bonus` smallint(5) UNSIGNED DEFAULT NULL,
  `numFlying` decimal(7,1) DEFAULT NULL,
  `compagny` char(4) COLLATE utf8mb4_unicode_ci DEFAULT NULL,
  `name` varchar(20) COLLATE utf8mb4_unicode_ci NOT NULL,
  `plane` enum('A380','A320','A340') COLLATE utf8mb4_unicode_ci DEFAULT NULL,
  `birth_date` datetime DEFAULT NULL,
  `next_fight` datetime DEFAULT NULL,
  `num_jobs` smallint(6) DEFAULT '0',
  `created` datetime DEFAULT CURRENT_TIMESTAMP,
  `next_flight` datetime DEFAULT NULL,
  `exam_id` int(11) DEFAULT NULL,
  `lead_pl` varchar(6) COLLATE utf8mb4_unicode_ci DEFAULT NULL
) ENGINE=InnoDB DEFAULT CHARSET=utf8mb4 COLLATE=utf8mb4_unicode_ci;

--
-- Déchargement des données de la table `pilots`
--

INSERT INTO `pilots` (`certificate`, `bonus`, `numFlying`, `compagny`, `name`, `plane`, `birth_date`, `next_fight`, `num_jobs`, `created`, `next_flight`, `exam_id`, `lead_pl`) VALUES
('ct-1', 1000, '90.0', 'AUS', 'Alan', 'A380', '2001-03-04 00:00:00', NULL, 30, '2022-03-08 10:27:41', '2022-04-04 07:50:52', NULL, 'ct-7'),
('ct-10', 500, '90.0', 'FRE1', 'Tom', 'A320', '1978-02-04 00:00:00', NULL, 10, '2022-03-08 10:27:41', '2022-12-04 09:50:52', NULL, 'ct-7'),
('ct-100', 500, '200.0', 'SIN', 'Yi', 'A320', '1978-02-04 00:00:00', NULL, 10, '2022-03-08 10:27:41', '2022-12-04 09:50:52', NULL, 'ct-7'),
('ct-11', 1000, '200.0', 'AUS', 'Sophie', 'A320', '1978-10-17 00:00:00', NULL, 50, '2022-03-08 10:27:41', '2022-06-11 12:00:52', NULL, 'ct-6'),
('ct-12', 1000, '190.0', 'AUS', 'Albert', 'A380', '1990-04-04 00:00:00', NULL, 10, '2022-03-08 10:27:41', '2022-05-08 12:50:52', NULL, 'ct-6'),
('ct-16', 500, '190.0', 'SIN', 'Yan', 'A340', '1998-01-04 00:00:00', NULL, 30, '2022-03-08 10:27:41', '2022-05-08 12:50:52', NULL, NULL),
('ct-56', 2000, '300.0', 'AUS', 'Benoit', 'A380', '2000-01-04 00:00:00', NULL, 7, '2022-03-08 10:27:41', '2022-02-04 12:50:52', NULL, NULL),
('ct-6', 500, '20.0', 'FRE1', 'Jhon', 'A380', NULL, NULL, 0, '2022-03-08 10:27:41', NULL, NULL, NULL),
('ct-7', 500, '80.0', 'CHI', 'Pierre', 'A340', '1977-01-04 00:00:00', NULL, 8, '2022-03-08 10:27:41', '2022-05-04 12:50:52', NULL, NULL);

-- --------------------------------------------------------

--
-- Structure de la table `sales`
--

CREATE TABLE `sales` (
  `id` bigint(20) UNSIGNED NOT NULL,
  `created_at` date DEFAULT '1980-01-01',
  `compagny` char(4) COLLATE utf8mb4_unicode_ci DEFAULT NULL,
  `profit` decimal(15,2) DEFAULT NULL
) ENGINE=InnoDB DEFAULT CHARSET=utf8mb4 COLLATE=utf8mb4_unicode_ci;

--
-- Déchargement des données de la table `sales`
--

INSERT INTO `sales` (`id`, `created_at`, `compagny`, `profit`) VALUES
(1, '1980-01-01', 'AUS', '224460.05'),
(2, '1980-02-01', 'AUS', '83992.47'),
(3, '1980-03-01', 'AUS', '1246582.27'),
(4, '1980-04-01', 'AUS', '1480933.98'),
(5, '1980-05-01', 'AUS', '664923.12'),
(6, '1980-06-01', 'AUS', '381813.72'),
(7, '1980-07-01', 'AUS', '1414299.27'),
(8, '1980-08-01', 'AUS', '1426055.26'),
(9, '1980-09-01', 'AUS', '1387378.54'),
(10, '1980-10-01', 'AUS', '1158726.96'),
(11, '1980-11-01', 'AUS', '131499.24'),
(12, '1980-12-01', 'AUS', '181315.35'),
(13, '1981-01-01', 'AUS', '512079.06'),
(14, '1981-02-01', 'AUS', '516449.32'),
(15, '1981-03-01', 'AUS', '1046009.44'),
(16, '1981-04-01', 'AUS', '680699.31'),
(17, '1981-05-01', 'AUS', '265468.25'),
(18, '1981-06-01', 'AUS', '785243.37'),
(19, '1981-07-01', 'AUS', '129812.16'),
(20, '1981-08-01', 'AUS', '1293330.74'),
(21, '1981-09-01', 'AUS', '77217.26'),
(22, '1981-10-01', 'AUS', '1006094.12'),
(23, '1981-11-01', 'AUS', '298818.85'),
(24, '1981-12-01', 'AUS', '1475811.96'),
(25, '1982-01-01', 'AUS', '482603.29'),
(26, '1982-02-01', 'AUS', '985580.60'),
(27, '1982-03-01', 'AUS', '480093.18'),
(28, '1982-04-01', 'AUS', '943724.14'),
(29, '1982-05-01', 'AUS', '278341.23'),
(30, '1982-06-01', 'AUS', '60533.76'),
(31, '1982-07-01', 'AUS', '967645.18'),
(32, '1982-08-01', 'AUS', '156624.64'),
(33, '1982-09-01', 'AUS', '880187.69'),
(34, '1982-10-01', 'AUS', '931064.61'),
(35, '1982-11-01', 'AUS', '514760.02'),
(36, '1982-12-01', 'AUS', '1280606.32'),
(37, '1983-01-01', 'AUS', '358751.58'),
(38, '1983-02-01', 'AUS', '951938.97'),
(39, '1983-03-01', 'AUS', '683440.17'),
(40, '1983-04-01', 'AUS', '561383.98'),
(41, '1983-05-01', 'AUS', '756599.45'),
(42, '1983-06-01', 'AUS', '598845.34'),
(43, '1983-07-01', 'AUS', '724428.42'),
(44, '1983-08-01', 'AUS', '325606.10'),
(45, '1983-09-01', 'AUS', '954745.31'),
(46, '1983-10-01', 'AUS', '796908.30'),
(47, '1983-11-01', 'AUS', '1120305.62'),
(48, '1983-12-01', 'AUS', '210803.24'),
(49, '1984-01-01', 'AUS', '693099.39'),
(50, '1984-02-01', 'AUS', '1333087.28'),
(51, '1984-03-01', 'AUS', '86138.25'),
(52, '1984-04-01', 'AUS', '931429.48'),
(53, '1984-05-01', 'AUS', '1398732.67'),
(54, '1984-06-01', 'AUS', '1199374.98'),
(55, '1984-07-01', 'AUS', '300676.92'),
(56, '1984-08-01', 'AUS', '905259.71'),
(57, '1984-09-01', 'AUS', '624267.83'),
(58, '1984-10-01', 'AUS', '405560.06'),
(59, '1984-11-01', 'AUS', '154996.85'),
(60, '1984-12-01', 'AUS', '1058304.11'),
(61, '1985-01-01', 'AUS', '326530.08'),
(62, '1985-02-01', 'AUS', '1457738.09'),
(63, '1985-03-01', 'AUS', '309100.27'),
(64, '1985-04-01', 'AUS', '172287.11'),
(65, '1985-05-01', 'AUS', '1434134.78'),
(66, '1985-06-01', 'AUS', '653812.61'),
(67, '1985-07-01', 'AUS', '466658.76'),
(68, '1985-08-01', 'AUS', '371856.00'),
(69, '1985-09-01', 'AUS', '459303.80'),
(70, '1985-10-01', 'AUS', '1180951.03'),
(71, '1985-11-01', 'AUS', '26843.80'),
(72, '1985-12-01', 'AUS', '1091365.96'),
(73, '1986-01-01', 'AUS', '876298.43'),
(74, '1986-02-01', 'AUS', '1107394.34'),
(75, '1986-03-01', 'AUS', '1408076.43'),
(76, '1986-04-01', 'AUS', '718199.18'),
(77, '1986-05-01', 'AUS', '866766.65'),
(78, '1986-06-01', 'AUS', '679235.76'),
(79, '1986-07-01', 'AUS', '795878.91'),
(80, '1986-08-01', 'AUS', '441687.30'),
(81, '1986-09-01', 'AUS', '1320799.82'),
(82, '1986-10-01', 'AUS', '778937.24'),
(83, '1986-11-01', 'AUS', '1432286.80'),
(84, '1986-12-01', 'AUS', '324622.34'),
(85, '1987-01-01', 'AUS', '326251.34'),
(86, '1987-02-01', 'AUS', '657389.71'),
(87, '1987-03-01', 'AUS', '808194.58'),
(88, '1987-04-01', 'AUS', '568803.84'),
(89, '1987-05-01', 'AUS', '419435.49'),
(90, '1987-06-01', 'AUS', '390765.98'),
(91, '1987-07-01', 'AUS', '695523.48'),
(92, '1987-08-01', 'AUS', '805319.48'),
(93, '1987-09-01', 'AUS', '440027.02'),
(94, '1987-10-01', 'AUS', '1284176.72'),
(95, '1987-11-01', 'AUS', '600802.58'),
(96, '1987-12-01', 'AUS', '651482.78'),
(97, '1988-01-01', 'AUS', '1455006.22'),
(98, '1988-02-01', 'AUS', '820582.79'),
(99, '1988-03-01', 'AUS', '1237895.33'),
(100, '1988-04-01', 'AUS', '727728.35'),
(101, '1988-05-01', 'AUS', '1424955.77'),
(102, '1988-06-01', 'AUS', '441593.88'),
(103, '1988-07-01', 'AUS', '933102.14'),
(104, '1988-08-01', 'AUS', '340729.09'),
(105, '1988-09-01', 'AUS', '404339.06'),
(106, '1988-10-01', 'AUS', '999508.10'),
(107, '1988-11-01', 'AUS', '784523.37'),
(108, '1988-12-01', 'AUS', '924092.59'),
(109, '1989-01-01', 'AUS', '766892.87'),
(110, '1989-02-01', 'AUS', '1062186.64'),
(111, '1989-03-01', 'AUS', '10254.62'),
(112, '1989-04-01', 'AUS', '1364713.25'),
(113, '1989-05-01', 'AUS', '792802.42'),
(114, '1989-06-01', 'AUS', '1369872.39'),
(115, '1989-07-01', 'AUS', '1470954.76'),
(116, '1989-08-01', 'AUS', '245156.66'),
(117, '1989-09-01', 'AUS', '1312919.05'),
(118, '1989-10-01', 'AUS', '1329125.34'),
(119, '1989-11-01', 'AUS', '1206869.60'),
(120, '1989-12-01', 'AUS', '546972.02'),
(121, '1990-01-01', 'AUS', '614251.35'),
(122, '1990-02-01', 'AUS', '1430340.72'),
(123, '1990-03-01', 'AUS', '808949.61'),
(124, '1990-04-01', 'AUS', '1253725.93'),
(125, '1990-05-01', 'AUS', '841780.88'),
(126, '1990-06-01', 'AUS', '447726.64'),
(127, '1990-07-01', 'AUS', '1213290.63'),
(128, '1990-08-01', 'AUS', '223273.28'),
(129, '1990-09-01', 'AUS', '476494.53'),
(130, '1990-10-01', 'AUS', '212652.85'),
(131, '1990-11-01', 'AUS', '1133780.70'),
(132, '1990-12-01', 'AUS', '530945.03'),
(133, '1991-01-01', 'AUS', '753383.06'),
(134, '1991-02-01', 'AUS', '674080.28'),
(135, '1991-03-01', 'AUS', '1110252.24'),
(136, '1991-04-01', 'AUS', '529020.42'),
(137, '1991-05-01', 'AUS', '814345.44'),
(138, '1991-06-01', 'AUS', '984665.97'),
(139, '1991-07-01', 'AUS', '980293.59'),
(140, '1991-08-01', 'AUS', '447470.10'),
(141, '1991-09-01', 'AUS', '796469.74'),
(142, '1991-10-01', 'AUS', '1139938.48'),
(143, '1991-11-01', 'AUS', '310283.21'),
(144, '1991-12-01', 'AUS', '1131600.65'),
(145, '1992-01-01', 'AUS', '227153.68'),
(146, '1992-02-01', 'AUS', '740966.49'),
(147, '1992-03-01', 'AUS', '23371.47'),
(148, '1992-04-01', 'AUS', '893957.91'),
(149, '1992-05-01', 'AUS', '1399675.17'),
(150, '1992-06-01', 'AUS', '1316502.18'),
(151, '1992-07-01', 'AUS', '883485.45'),
(152, '1992-08-01', 'AUS', '467920.76'),
(153, '1992-09-01', 'AUS', '1189147.50'),
(154, '1992-10-01', 'AUS', '41975.24'),
(155, '1992-11-01', 'AUS', '1142433.74'),
(156, '1992-12-01', 'AUS', '1086243.06'),
(157, '1993-01-01', 'AUS', '503914.11'),
(158, '1993-02-01', 'AUS', '760841.42'),
(159, '1993-03-01', 'AUS', '792464.82'),
(160, '1993-04-01', 'AUS', '179799.90'),
(161, '1993-05-01', 'AUS', '21605.08'),
(162, '1993-06-01', 'AUS', '1068625.75'),
(163, '1993-07-01', 'AUS', '778313.55'),
(164, '1993-08-01', 'AUS', '685690.54'),
(165, '1993-09-01', 'AUS', '1093512.10'),
(166, '1993-10-01', 'AUS', '410488.93'),
(167, '1993-11-01', 'AUS', '271908.39'),
(168, '1993-12-01', 'AUS', '128075.22'),
(169, '1994-01-01', 'AUS', '1324650.95'),
(170, '1994-02-01', 'AUS', '239029.14'),
(171, '1994-03-01', 'AUS', '221192.89'),
(172, '1994-04-01', 'AUS', '388877.08'),
(173, '1994-05-01', 'AUS', '1280806.80'),
(174, '1994-06-01', 'AUS', '737402.79'),
(175, '1994-07-01', 'AUS', '1344593.61'),
(176, '1994-08-01', 'AUS', '10759.71'),
(177, '1994-09-01', 'AUS', '520017.75'),
(178, '1994-10-01', 'AUS', '1067809.68'),
(179, '1994-11-01', 'AUS', '778995.21'),
(180, '1994-12-01', 'AUS', '691547.05'),
(181, '1995-01-01', 'AUS', '1120749.67'),
(182, '1995-02-01', 'AUS', '529107.24'),
(183, '1995-03-01', 'AUS', '783287.23'),
(184, '1995-04-01', 'AUS', '829114.49'),
(185, '1995-05-01', 'AUS', '295710.79'),
(186, '1995-06-01', 'AUS', '491210.54'),
(187, '1995-07-01', 'AUS', '68920.38'),
(188, '1995-08-01', 'AUS', '370970.32'),
(189, '1995-09-01', 'AUS', '148090.52'),
(190, '1995-10-01', 'AUS', '1127541.66'),
(191, '1995-11-01', 'AUS', '693436.78'),
(192, '1995-12-01', 'AUS', '84558.99'),
(193, '1996-01-01', 'AUS', '1342484.66'),
(194, '1996-02-01', 'AUS', '458746.38'),
(195, '1996-03-01', 'AUS', '1266277.94'),
(196, '1996-04-01', 'AUS', '455150.60'),
(197, '1996-05-01', 'AUS', '1476919.24'),
(198, '1996-06-01', 'AUS', '19144.47'),
(199, '1996-07-01', 'AUS', '164964.64'),
(200, '1996-08-01', 'AUS', '767389.87'),
(201, '1996-09-01', 'AUS', '342055.45'),
(202, '1996-10-01', 'AUS', '908107.71'),
(203, '1996-11-01', 'AUS', '514372.24'),
(204, '1996-12-01', 'AUS', '1347538.10'),
(205, '1997-01-01', 'AUS', '694573.83'),
(206, '1997-02-01', 'AUS', '930254.92'),
(207, '1997-03-01', 'AUS', '1067553.14'),
(208, '1997-04-01', 'AUS', '1047000.99'),
(209, '1997-05-01', 'AUS', '532345.59'),
(210, '1997-06-01', 'AUS', '1020725.00'),
(211, '1997-07-01', 'AUS', '506588.27'),
(212, '1997-08-01', 'AUS', '970766.41'),
(213, '1997-09-01', 'AUS', '334067.27'),
(214, '1997-10-01', 'AUS', '258037.16'),
(215, '1997-11-01', 'AUS', '287984.03'),
(216, '1997-12-01', 'AUS', '665808.73'),
(217, '1998-01-01', 'AUS', '965091.62'),
(218, '1998-02-01', 'AUS', '1328031.93'),
(219, '1998-03-01', 'AUS', '744884.85'),
(220, '1998-04-01', 'AUS', '1240328.52'),
(221, '1998-05-01', 'AUS', '966988.11'),
(222, '1998-06-01', 'AUS', '1113955.00'),
(223, '1998-07-01', 'AUS', '1168810.74'),
(224, '1998-08-01', 'AUS', '1002188.74'),
(225, '1998-09-01', 'AUS', '4511.51'),
(226, '1998-10-01', 'AUS', '15991.37'),
(227, '1998-11-01', 'AUS', '66422.38'),
(228, '1998-12-01', 'AUS', '284137.84'),
(229, '1999-01-01', 'AUS', '1221422.09'),
(230, '1999-02-01', 'AUS', '754696.98'),
(231, '1999-03-01', 'AUS', '109218.68'),
(232, '1999-04-01', 'AUS', '1282002.51'),
(233, '1999-05-01', 'AUS', '82356.55'),
(234, '1999-06-01', 'AUS', '1065775.27'),
(235, '1999-07-01', 'AUS', '581806.74'),
(236, '1999-08-01', 'AUS', '1211707.95'),
(237, '1999-09-01', 'AUS', '1313119.59'),
(238, '1999-10-01', 'AUS', '1430474.13'),
(239, '1999-11-01', 'AUS', '213011.93'),
(240, '1980-01-01', 'CHI', '1273637.32'),
(241, '1980-02-01', 'CHI', '1229150.86'),
(242, '1980-03-01', 'CHI', '824842.38'),
(243, '1980-04-01', 'CHI', '436759.38'),
(244, '1980-05-01', 'CHI', '1209269.78'),
(245, '1980-06-01', 'CHI', '236070.80'),
(246, '1980-07-01', 'CHI', '552544.72'),
(247, '1980-08-01', 'CHI', '554511.26'),
(248, '1980-09-01', 'CHI', '1114922.19'),
(249, '1980-10-01', 'CHI', '911077.22'),
(250, '1980-11-01', 'CHI', '1210619.59'),
(251, '1980-12-01', 'CHI', '319866.30'),
(252, '1981-01-01', 'CHI', '967472.80'),
(253, '1981-02-01', 'CHI', '877765.12'),
(254, '1981-03-01', 'CHI', '1486407.25'),
(255, '1981-04-01', 'CHI', '298740.96'),
(256, '1981-05-01', 'CHI', '34483.10'),
(257, '1981-06-01', 'CHI', '776192.65'),
(258, '1981-07-01', 'CHI', '777513.98'),
(259, '1981-08-01', 'CHI', '58992.02'),
(260, '1981-09-01', 'CHI', '962418.22'),
(261, '1981-10-01', 'CHI', '135115.07'),
(262, '1981-11-01', 'CHI', '788320.72'),
(263, '1981-12-01', 'CHI', '536258.43'),
(264, '1982-01-01', 'CHI', '316330.07'),
(265, '1982-02-01', 'CHI', '1472875.07'),
(266, '1982-03-01', 'CHI', '415385.21'),
(267, '1982-04-01', 'CHI', '658300.90'),
(268, '1982-05-01', 'CHI', '545348.89'),
(269, '1982-06-01', 'CHI', '751841.81'),
(270, '1982-07-01', 'CHI', '623162.40'),
(271, '1982-08-01', 'CHI', '860286.64'),
(272, '1982-09-01', 'CHI', '931946.03'),
(273, '1982-10-01', 'CHI', '578870.29'),
(274, '1982-11-01', 'CHI', '98513.40'),
(275, '1982-12-01', 'CHI', '255956.19'),
(276, '1983-01-01', 'CHI', '984240.80'),
(277, '1983-02-01', 'CHI', '1153335.45'),
(278, '1983-03-01', 'CHI', '1313954.92'),
(279, '1983-04-01', 'CHI', '109768.30'),
(280, '1983-05-01', 'CHI', '1106976.79'),
(281, '1983-06-01', 'CHI', '705579.09'),
(282, '1983-07-01', 'CHI', '206965.14'),
(283, '1983-08-01', 'CHI', '418088.46'),
(284, '1983-09-01', 'CHI', '1469546.93'),
(285, '1983-10-01', 'CHI', '93469.32'),
(286, '1983-11-01', 'CHI', '558705.85'),
(287, '1983-12-01', 'CHI', '1013121.34'),
(288, '1984-01-01', 'CHI', '389489.21'),
(289, '1984-02-01', 'CHI', '408082.05'),
(290, '1984-03-01', 'CHI', '871942.69'),
(291, '1984-04-01', 'CHI', '135467.32'),
(292, '1984-05-01', 'CHI', '1061508.58'),
(293, '1984-06-01', 'CHI', '401141.01'),
(294, '1984-07-01', 'CHI', '321179.33'),
(295, '1984-08-01', 'CHI', '402473.67'),
(296, '1984-09-01', 'CHI', '1048830.39'),
(297, '1984-10-01', 'CHI', '1036731.01'),
(298, '1984-11-01', 'CHI', '537163.94'),
(299, '1984-12-01', 'CHI', '1075626.69'),
(300, '1985-01-01', 'CHI', '766641.67'),
(301, '1985-02-01', 'CHI', '606328.34'),
(302, '1985-03-01', 'CHI', '731716.72'),
(303, '1985-04-01', 'CHI', '339598.63'),
(304, '1985-05-01', 'CHI', '1002843.04'),
(305, '1985-06-01', 'CHI', '995419.35'),
(306, '1985-07-01', 'CHI', '468567.70'),
(307, '1985-08-01', 'CHI', '856580.47'),
(308, '1985-09-01', 'CHI', '1377199.33'),
(309, '1985-10-01', 'CHI', '1316255.25'),
(310, '1985-11-01', 'CHI', '949678.31'),
(311, '1985-12-01', 'CHI', '799625.84'),
(312, '1986-01-01', 'CHI', '1149094.35'),
(313, '1986-02-01', 'CHI', '346594.24'),
(314, '1986-03-01', 'CHI', '1285688.22'),
(315, '1986-04-01', 'CHI', '888658.40'),
(316, '1986-05-01', 'CHI', '586227.42'),
(317, '1986-06-01', 'CHI', '265161.91'),
(318, '1986-07-01', 'CHI', '1067127.35'),
(319, '1986-08-01', 'CHI', '40151.09'),
(320, '1986-09-01', 'CHI', '1499373.41'),
(321, '1986-10-01', 'CHI', '1376413.86'),
(322, '1986-11-01', 'CHI', '883949.08'),
(323, '1986-12-01', 'CHI', '290503.90'),
(324, '1987-01-01', 'CHI', '300672.27'),
(325, '1987-02-01', 'CHI', '631849.72'),
(326, '1987-03-01', 'CHI', '757231.84'),
(327, '1987-04-01', 'CHI', '390610.10'),
(328, '1987-05-01', 'CHI', '1181355.00'),
(329, '1987-06-01', 'CHI', '234944.74'),
(330, '1987-07-01', 'CHI', '630658.75'),
(331, '1987-08-01', 'CHI', '948459.59'),
(332, '1987-09-01', 'CHI', '1350321.74'),
(333, '1987-10-01', 'CHI', '906229.99'),
(334, '1987-11-01', 'CHI', '480184.75'),
(335, '1987-12-01', 'CHI', '1182233.85'),
(336, '1988-01-01', 'CHI', '1470615.02'),
(337, '1988-02-01', 'CHI', '806373.61'),
(338, '1988-03-01', 'CHI', '1120023.03'),
(339, '1988-04-01', 'CHI', '180994.36'),
(340, '1988-05-01', 'CHI', '544902.74'),
(341, '1988-06-01', 'CHI', '681530.69'),
(342, '1988-07-01', 'CHI', '272945.28'),
(343, '1988-08-01', 'CHI', '820134.37'),
(344, '1988-09-01', 'CHI', '281836.06'),
(345, '1988-10-01', 'CHI', '448777.24'),
(346, '1988-11-01', 'CHI', '1398378.06'),
(347, '1988-12-01', 'CHI', '1145558.63'),
(348, '1989-01-01', 'CHI', '32659.00'),
(349, '1989-02-01', 'CHI', '1226619.18'),
(350, '1989-03-01', 'CHI', '35118.93'),
(351, '1989-04-01', 'CHI', '995737.17'),
(352, '1989-05-01', 'CHI', '373329.10'),
(353, '1989-06-01', 'CHI', '379434.05'),
(354, '1989-07-01', 'CHI', '777182.98'),
(355, '1989-08-01', 'CHI', '1247612.79'),
(356, '1989-09-01', 'CHI', '906515.07'),
(357, '1989-10-01', 'CHI', '789737.02'),
(358, '1989-11-01', 'CHI', '1229139.93'),
(359, '1989-12-01', 'CHI', '776488.64'),
(360, '1990-01-01', 'CHI', '195023.44'),
(361, '1990-02-01', 'CHI', '145651.34'),
(362, '1990-03-01', 'CHI', '143186.44'),
(363, '1990-04-01', 'CHI', '278978.22'),
(364, '1990-05-01', 'CHI', '965331.83'),
(365, '1990-06-01', 'CHI', '989724.52'),
(366, '1990-07-01', 'CHI', '552627.15'),
(367, '1990-08-01', 'CHI', '1293962.26'),
(368, '1990-09-01', 'CHI', '311929.87'),
(369, '1990-10-01', 'CHI', '677762.62'),
(370, '1990-11-01', 'CHI', '953023.54'),
(371, '1990-12-01', 'CHI', '1231829.90'),
(372, '1991-01-01', 'CHI', '300078.91'),
(373, '1991-02-01', 'CHI', '804904.90'),
(374, '1991-03-01', 'CHI', '124287.81'),
(375, '1991-04-01', 'CHI', '1206724.38'),
(376, '1991-05-01', 'CHI', '1160758.55'),
(377, '1991-06-01', 'CHI', '683619.63'),
(378, '1991-07-01', 'CHI', '1435822.57'),
(379, '1991-08-01', 'CHI', '628254.01'),
(380, '1991-09-01', 'CHI', '333802.39'),
(381, '1991-10-01', 'CHI', '1284249.94'),
(382, '1991-11-01', 'CHI', '919842.58'),
(383, '1991-12-01', 'CHI', '746463.15'),
(384, '1992-01-01', 'CHI', '972788.05'),
(385, '1992-02-01', 'CHI', '1124550.82'),
(386, '1992-03-01', 'CHI', '1204390.01'),
(387, '1992-04-01', 'CHI', '1148297.65'),
(388, '1992-05-01', 'CHI', '628318.25'),
(389, '1992-06-01', 'CHI', '1196698.36'),
(390, '1992-07-01', 'CHI', '1098537.10'),
(391, '1992-08-01', 'CHI', '402590.46'),
(392, '1992-09-01', 'CHI', '217341.03'),
(393, '1992-10-01', 'CHI', '1378933.81'),
(394, '1992-11-01', 'CHI', '242646.01'),
(395, '1992-12-01', 'CHI', '76428.66'),
(396, '1993-01-01', 'CHI', '1154205.34'),
(397, '1993-02-01', 'CHI', '1041740.74'),
(398, '1993-03-01', 'CHI', '246087.75'),
(399, '1993-04-01', 'CHI', '1105216.57'),
(400, '1993-05-01', 'CHI', '287819.66'),
(401, '1993-06-01', 'CHI', '1123448.62'),
(402, '1993-07-01', 'CHI', '253784.17'),
(403, '1993-08-01', 'CHI', '898575.05'),
(404, '1993-09-01', 'CHI', '731522.80'),
(405, '1993-10-01', 'CHI', '961888.86'),
(406, '1993-11-01', 'CHI', '1114875.95'),
(407, '1993-12-01', 'CHI', '1188713.23'),
(408, '1994-01-01', 'CHI', '1098938.34'),
(409, '1994-02-01', 'CHI', '428552.04'),
(410, '1994-03-01', 'CHI', '345945.25'),
(411, '1994-04-01', 'CHI', '444070.16'),
(412, '1994-05-01', 'CHI', '1182515.12'),
(413, '1994-06-01', 'CHI', '80365.15'),
(414, '1994-07-01', 'CHI', '1354280.43'),
(415, '1994-08-01', 'CHI', '530306.76'),
(416, '1994-09-01', 'CHI', '88692.55'),
(417, '1994-10-01', 'CHI', '352542.50'),
(418, '1994-11-01', 'CHI', '1496634.89'),
(419, '1994-12-01', 'CHI', '425547.03'),
(420, '1995-01-01', 'CHI', '637830.51'),
(421, '1995-02-01', 'CHI', '412511.51'),
(422, '1995-03-01', 'CHI', '149066.05'),
(423, '1995-04-01', 'CHI', '1007795.77'),
(424, '1995-05-01', 'CHI', '91780.75'),
(425, '1995-06-01', 'CHI', '435516.50'),
(426, '1995-07-01', 'CHI', '402240.28'),
(427, '1995-08-01', 'CHI', '704651.96'),
(428, '1995-09-01', 'CHI', '816538.99'),
(429, '1995-10-01', 'CHI', '468739.14'),
(430, '1995-11-01', 'CHI', '1394078.75'),
(431, '1995-12-01', 'CHI', '1064176.37'),
(432, '1996-01-01', 'CHI', '1138645.68'),
(433, '1996-02-01', 'CHI', '1000699.30'),
(434, '1996-03-01', 'CHI', '87559.52'),
(435, '1996-04-01', 'CHI', '435699.74'),
(436, '1996-05-01', 'CHI', '415820.17'),
(437, '1996-06-01', 'CHI', '772001.70'),
(438, '1996-07-01', 'CHI', '1112548.02'),
(439, '1996-08-01', 'CHI', '246735.07'),
(440, '1996-09-01', 'CHI', '896031.33'),
(441, '1996-10-01', 'CHI', '739951.49'),
(442, '1996-11-01', 'CHI', '1011663.51'),
(443, '1996-12-01', 'CHI', '1338463.13'),
(444, '1997-01-01', 'CHI', '657325.17'),
(445, '1997-02-01', 'CHI', '771236.51'),
(446, '1997-03-01', 'CHI', '384207.10'),
(447, '1997-04-01', 'CHI', '1107326.00'),
(448, '1997-05-01', 'CHI', '1384008.73'),
(449, '1997-06-01', 'CHI', '598065.72'),
(450, '1997-07-01', 'CHI', '338302.45'),
(451, '1997-08-01', 'CHI', '1397315.13'),
(452, '1997-09-01', 'CHI', '1471668.36'),
(453, '1997-10-01', 'CHI', '166396.45'),
(454, '1997-11-01', 'CHI', '916977.23'),
(455, '1997-12-01', 'CHI', '1085696.84'),
(456, '1998-01-01', 'CHI', '1177552.55'),
(457, '1998-02-01', 'CHI', '1130672.28'),
(458, '1998-03-01', 'CHI', '620703.79'),
(459, '1998-04-01', 'CHI', '1211502.17'),
(460, '1998-05-01', 'CHI', '1195399.52'),
(461, '1998-06-01', 'CHI', '842491.12'),
(462, '1998-07-01', 'CHI', '626257.10'),
(463, '1998-08-01', 'CHI', '603812.17'),
(464, '1998-09-01', 'CHI', '1140289.60'),
(465, '1998-10-01', 'CHI', '890011.54'),
(466, '1998-11-01', 'CHI', '1029188.97'),
(467, '1998-12-01', 'CHI', '975910.24'),
(468, '1999-01-01', 'CHI', '291984.37'),
(469, '1999-02-01', 'CHI', '32191.15'),
(470, '1999-03-01', 'CHI', '785002.69'),
(471, '1999-04-01', 'CHI', '828440.05'),
(472, '1999-05-01', 'CHI', '287192.22'),
(473, '1999-06-01', 'CHI', '450641.01'),
(474, '1999-07-01', 'CHI', '1391628.45'),
(475, '1999-08-01', 'CHI', '1106219.25'),
(476, '1999-09-01', 'CHI', '1356210.93'),
(477, '1999-10-01', 'CHI', '462396.96'),
(478, '1999-11-01', 'CHI', '1243352.06'),
(479, '1980-01-01', 'SIN', '329569.45'),
(480, '1980-02-01', 'SIN', '917791.13'),
(481, '1980-03-01', 'SIN', '600247.36'),
(482, '1980-04-01', 'SIN', '247863.45'),
(483, '1980-05-01', 'SIN', '938575.23'),
(484, '1980-06-01', 'SIN', '949285.82'),
(485, '1980-07-01', 'SIN', '430703.47'),
(486, '1980-08-01', 'SIN', '805659.94'),
(487, '1980-09-01', 'SIN', '1236189.33'),
(488, '1980-10-01', 'SIN', '763966.90'),
(489, '1980-11-01', 'SIN', '111266.52'),
(490, '1980-12-01', 'SIN', '1264431.97'),
(491, '1981-01-01', 'SIN', '1488360.33'),
(492, '1981-02-01', 'SIN', '648505.78'),
(493, '1981-03-01', 'SIN', '277447.97'),
(494, '1981-04-01', 'SIN', '941722.53'),
(495, '1981-05-01', 'SIN', '876268.81'),
(496, '1981-06-01', 'SIN', '56176.50'),
(497, '1981-07-01', 'SIN', '652076.13'),
(498, '1981-08-01', 'SIN', '91851.17'),
(499, '1981-09-01', 'SIN', '3027.53'),
(500, '1981-10-01', 'SIN', '1239584.19'),
(501, '1981-11-01', 'SIN', '188838.38'),
(502, '1981-12-01', 'SIN', '225439.40'),
(503, '1982-01-01', 'SIN', '560681.91'),
(504, '1982-02-01', 'SIN', '627091.38'),
(505, '1982-03-01', 'SIN', '1453411.23'),
(506, '1982-04-01', 'SIN', '885782.03'),
(507, '1982-05-01', 'SIN', '68676.52'),
(508, '1982-06-01', 'SIN', '686036.55'),
(509, '1982-07-01', 'SIN', '224153.22'),
(510, '1982-08-01', 'SIN', '562656.51'),
(511, '1982-09-01', 'SIN', '640822.92'),
(512, '1982-10-01', 'SIN', '16145.12'),
(513, '1982-11-01', 'SIN', '1158256.91'),
(514, '1982-12-01', 'SIN', '1242849.22'),
(515, '1983-01-01', 'SIN', '1239475.41'),
(516, '1983-02-01', 'SIN', '968829.46'),
(517, '1983-03-01', 'SIN', '1125721.09'),
(518, '1983-04-01', 'SIN', '1222117.12'),
(519, '1983-05-01', 'SIN', '1233422.39'),
(520, '1983-06-01', 'SIN', '1000760.62'),
(521, '1983-07-01', 'SIN', '1303535.99'),
(522, '1983-08-01', 'SIN', '515398.15'),
(523, '1983-09-01', 'SIN', '166382.81'),
(524, '1983-10-01', 'SIN', '785719.66'),
(525, '1983-11-01', 'SIN', '429449.90'),
(526, '1983-12-01', 'SIN', '1290090.55'),
(527, '1984-01-01', 'SIN', '662103.12'),
(528, '1984-02-01', 'SIN', '940243.98'),
(529, '1984-03-01', 'SIN', '1214910.58'),
(530, '1984-04-01', 'SIN', '253821.03'),
(531, '1984-05-01', 'SIN', '624373.43'),
(532, '1984-06-01', 'SIN', '860404.10'),
(533, '1984-07-01', 'SIN', '928900.26'),
(534, '1984-08-01', 'SIN', '563289.07'),
(535, '1984-09-01', 'SIN', '29744.61'),
(536, '1984-10-01', 'SIN', '1458855.88'),
(537, '1984-11-01', 'SIN', '1205045.62'),
(538, '1984-12-01', 'SIN', '148660.50'),
(539, '1985-01-01', 'SIN', '128165.68'),
(540, '1985-02-01', 'SIN', '194846.97'),
(541, '1985-03-01', 'SIN', '589737.84'),
(542, '1985-04-01', 'SIN', '864148.33'),
(543, '1985-05-01', 'SIN', '1051528.20'),
(544, '1985-06-01', 'SIN', '1165196.02'),
(545, '1985-07-01', 'SIN', '1171395.58'),
(546, '1985-08-01', 'SIN', '861389.87'),
(547, '1985-09-01', 'SIN', '792762.68'),
(548, '1985-10-01', 'SIN', '1379643.80'),
(549, '1985-11-01', 'SIN', '19931.03'),
(550, '1985-12-01', 'SIN', '460723.80'),
(551, '1986-01-01', 'SIN', '743825.93'),
(552, '1986-02-01', 'SIN', '836958.32'),
(553, '1986-03-01', 'SIN', '453313.83'),
(554, '1986-04-01', 'SIN', '1255694.24'),
(555, '1986-05-01', 'SIN', '418529.75'),
(556, '1986-06-01', 'SIN', '1325566.11'),
(557, '1986-07-01', 'SIN', '872241.31'),
(558, '1986-08-01', 'SIN', '384508.28'),
(559, '1986-09-01', 'SIN', '805817.52'),
(560, '1986-10-01', 'SIN', '1375562.82'),
(561, '1986-11-01', 'SIN', '1460361.56'),
(562, '1986-12-01', 'SIN', '175119.41'),
(563, '1987-01-01', 'SIN', '994512.39'),
(564, '1987-02-01', 'SIN', '1447203.76'),
(565, '1987-03-01', 'SIN', '1252481.69'),
(566, '1987-04-01', 'SIN', '420797.22'),
(567, '1987-05-01', 'SIN', '1346541.09'),
(568, '1987-06-01', 'SIN', '970313.83'),
(569, '1987-07-01', 'SIN', '811945.94'),
(570, '1987-08-01', 'SIN', '1148788.22'),
(571, '1987-09-01', 'SIN', '308103.35'),
(572, '1987-10-01', 'SIN', '1094152.14'),
(573, '1987-11-01', 'SIN', '46450.69'),
(574, '1987-12-01', 'SIN', '1449797.08'),
(575, '1988-01-01', 'SIN', '1109633.35'),
(576, '1988-02-01', 'SIN', '1198775.59'),
(577, '1988-03-01', 'SIN', '1164977.94'),
(578, '1988-04-01', 'SIN', '728562.98'),
(579, '1988-05-01', 'SIN', '147881.13'),
(580, '1988-06-01', 'SIN', '53716.74'),
(581, '1988-07-01', 'SIN', '1324940.35'),
(582, '1988-08-01', 'SIN', '463551.58'),
(583, '1988-09-01', 'SIN', '1342936.91'),
(584, '1988-10-01', 'SIN', '824029.84'),
(585, '1988-11-01', 'SIN', '91338.51'),
(586, '1988-12-01', 'SIN', '984603.08'),
(587, '1989-01-01', 'SIN', '148999.94'),
(588, '1989-02-01', 'SIN', '791190.47'),
(589, '1989-03-01', 'SIN', '508952.59'),
(590, '1989-04-01', 'SIN', '171191.61'),
(591, '1989-05-01', 'SIN', '829100.30'),
(592, '1989-06-01', 'SIN', '631926.72'),
(593, '1989-07-01', 'SIN', '672332.77'),
(594, '1989-08-01', 'SIN', '1465883.72'),
(595, '1989-09-01', 'SIN', '812420.32'),
(596, '1989-10-01', 'SIN', '1164450.50'),
(597, '1989-11-01', 'SIN', '384991.60'),
(598, '1989-12-01', 'SIN', '1431606.54'),
(599, '1990-01-01', 'SIN', '3057.96'),
(600, '1990-02-01', 'SIN', '220470.21'),
(601, '1990-03-01', 'SIN', '1093177.21'),
(602, '1990-04-01', 'SIN', '304475.47'),
(603, '1990-05-01', 'SIN', '1242845.78'),
(604, '1990-06-01', 'SIN', '800802.53'),
(605, '1990-07-01', 'SIN', '275475.36'),
(606, '1990-08-01', 'SIN', '474969.26'),
(607, '1990-09-01', 'SIN', '48420.24'),
(608, '1990-10-01', 'SIN', '317193.48'),
(609, '1990-11-01', 'SIN', '1440706.73'),
(610, '1990-12-01', 'SIN', '251953.26'),
(611, '1991-01-01', 'SIN', '1437646.17'),
(612, '1991-02-01', 'SIN', '432371.12'),
(613, '1991-03-01', 'SIN', '848917.11'),
(614, '1991-04-01', 'SIN', '1447472.23'),
(615, '1991-05-01', 'SIN', '190609.87'),
(616, '1991-06-01', 'SIN', '1110632.73'),
(617, '1991-07-01', 'SIN', '481334.06'),
(618, '1991-08-01', 'SIN', '574772.15'),
(619, '1991-09-01', 'SIN', '1429858.62'),
(620, '1991-10-01', 'SIN', '924976.71'),
(621, '1991-11-01', 'SIN', '335307.73'),
(622, '1991-12-01', 'SIN', '401608.56'),
(623, '1992-01-01', 'SIN', '1002119.65'),
(624, '1992-02-01', 'SIN', '805772.64'),
(625, '1992-03-01', 'SIN', '1022504.30'),
(626, '1992-04-01', 'SIN', '1195203.62'),
(627, '1992-05-01', 'SIN', '1408505.24'),
(628, '1992-06-01', 'SIN', '456915.38'),
(629, '1992-07-01', 'SIN', '1059061.22'),
(630, '1992-08-01', 'SIN', '924560.02'),
(631, '1992-09-01', 'SIN', '1445616.48'),
(632, '1992-10-01', 'SIN', '1454402.40'),
(633, '1992-11-01', 'SIN', '1435162.59'),
(634, '1992-12-01', 'SIN', '1312605.82'),
(635, '1993-01-01', 'SIN', '757541.36'),
(636, '1993-02-01', 'SIN', '1349889.37'),
(637, '1993-03-01', 'SIN', '1476822.85'),
(638, '1993-04-01', 'SIN', '334446.17'),
(639, '1993-05-01', 'SIN', '241762.33'),
(640, '1993-06-01', 'SIN', '205473.21'),
(641, '1993-07-01', 'SIN', '302079.08'),
(642, '1993-08-01', 'SIN', '893975.83'),
(643, '1993-09-01', 'SIN', '563641.97'),
(644, '1993-10-01', 'SIN', '136282.41'),
(645, '1993-11-01', 'SIN', '490486.18'),
(646, '1993-12-01', 'SIN', '543583.70'),
(647, '1994-01-01', 'SIN', '1246460.01'),
(648, '1994-02-01', 'SIN', '101549.01'),
(649, '1994-03-01', 'SIN', '1268365.04'),
(650, '1994-04-01', 'SIN', '37178.24'),
(651, '1994-05-01', 'SIN', '880796.12'),
(652, '1994-06-01', 'SIN', '1292445.92'),
(653, '1994-07-01', 'SIN', '819841.31'),
(654, '1994-08-01', 'SIN', '221868.82'),
(655, '1994-09-01', 'SIN', '149820.24'),
(656, '1994-10-01', 'SIN', '83494.76'),
(657, '1994-11-01', 'SIN', '1468013.15'),
(658, '1994-12-01', 'SIN', '1089581.51'),
(659, '1995-01-01', 'SIN', '1043868.12'),
(660, '1995-02-01', 'SIN', '450596.14'),
(661, '1995-03-01', 'SIN', '621376.36'),
(662, '1995-04-01', 'SIN', '255093.44'),
(663, '1995-05-01', 'SIN', '911338.15'),
(664, '1995-06-01', 'SIN', '791410.48'),
(665, '1995-07-01', 'SIN', '1223038.02'),
(666, '1995-08-01', 'SIN', '740958.67'),
(667, '1995-09-01', 'SIN', '35679.36'),
(668, '1995-10-01', 'SIN', '955520.84'),
(669, '1995-11-01', 'SIN', '170566.15'),
(670, '1995-12-01', 'SIN', '986268.30'),
(671, '1996-01-01', 'SIN', '1419643.06'),
(672, '1996-02-01', 'SIN', '1139410.48'),
(673, '1996-03-01', 'SIN', '1438123.26'),
(674, '1996-04-01', 'SIN', '772384.91'),
(675, '1996-05-01', 'SIN', '1047554.82'),
(676, '1996-06-01', 'SIN', '1420619.42'),
(677, '1996-07-01', 'SIN', '960432.66'),
(678, '1996-08-01', 'SIN', '540305.09'),
(679, '1996-09-01', 'SIN', '1320227.52'),
(680, '1996-10-01', 'SIN', '480222.36'),
(681, '1996-11-01', 'SIN', '1440429.29'),
(682, '1996-12-01', 'SIN', '1261479.41'),
(683, '1997-01-01', 'SIN', '486109.24'),
(684, '1997-02-01', 'SIN', '146108.01'),
(685, '1997-03-01', 'SIN', '772212.37'),
(686, '1997-04-01', 'SIN', '422737.87'),
(687, '1997-05-01', 'SIN', '1297052.29'),
(688, '1997-06-01', 'SIN', '717047.87'),
(689, '1997-07-01', 'SIN', '1194082.53'),
(690, '1997-08-01', 'SIN', '819269.09'),
(691, '1997-09-01', 'SIN', '514097.90'),
(692, '1997-10-01', 'SIN', '112682.27'),
(693, '1997-11-01', 'SIN', '521117.70'),
(694, '1997-12-01', 'SIN', '767541.74'),
(695, '1998-01-01', 'SIN', '774355.63'),
(696, '1998-02-01', 'SIN', '69152.97'),
(697, '1998-03-01', 'SIN', '1022698.02'),
(698, '1998-04-01', 'SIN', '406031.25'),
(699, '1998-05-01', 'SIN', '462062.22'),
(700, '1998-06-01', 'SIN', '1092217.40'),
(701, '1998-07-01', 'SIN', '1074900.40'),
(702, '1998-08-01', 'SIN', '597849.85'),
(703, '1998-09-01', 'SIN', '1264548.09'),
(704, '1998-10-01', 'SIN', '29190.93'),
(705, '1998-11-01', 'SIN', '852310.44'),
(706, '1998-12-01', 'SIN', '1173979.47'),
(707, '1999-01-01', 'SIN', '312966.07'),
(708, '1999-02-01', 'SIN', '1042891.97'),
(709, '1999-03-01', 'SIN', '1275561.69'),
(710, '1999-04-01', 'SIN', '249132.61'),
(711, '1999-05-01', 'SIN', '418978.00'),
(712, '1999-06-01', 'SIN', '1347492.23'),
(713, '1999-07-01', 'SIN', '980527.21'),
(714, '1999-08-01', 'SIN', '860159.39'),
(715, '1999-09-01', 'SIN', '1359215.38'),
(716, '1999-10-01', 'SIN', '1215598.79'),
(717, '1999-11-01', 'SIN', '500347.83'),
(718, '1980-01-01', 'FRE1', '354942.85'),
(719, '1980-02-01', 'FRE1', '273670.79'),
(720, '1980-03-01', 'FRE1', '303525.46'),
(721, '1980-04-01', 'FRE1', '696614.95'),
(722, '1980-05-01', 'FRE1', '1072498.43'),
(723, '1980-06-01', 'FRE1', '272647.34'),
(724, '1980-07-01', 'FRE1', '1145741.44'),
(725, '1980-08-01', 'FRE1', '410765.25'),
(726, '1980-09-01', 'FRE1', '116601.97'),
(727, '1980-10-01', 'FRE1', '850714.14'),
(728, '1980-11-01', 'FRE1', '903764.86'),
(729, '1980-12-01', 'FRE1', '466681.90'),
(730, '1981-01-01', 'FRE1', '1122114.99'),
(731, '1981-02-01', 'FRE1', '1210529.27'),
(732, '1981-03-01', 'FRE1', '1186301.43'),
(733, '1981-04-01', 'FRE1', '799919.41'),
(734, '1981-05-01', 'FRE1', '440692.79'),
(735, '1981-06-01', 'FRE1', '1303705.75'),
(736, '1981-07-01', 'FRE1', '696450.45'),
(737, '1981-08-01', 'FRE1', '1071135.05'),
(738, '1981-09-01', 'FRE1', '266323.92'),
(739, '1981-10-01', 'FRE1', '1118214.53'),
(740, '1981-11-01', 'FRE1', '292100.92'),
(741, '1981-12-01', 'FRE1', '1105861.05'),
(742, '1982-01-01', 'FRE1', '153002.52'),
(743, '1982-02-01', 'FRE1', '447429.52'),
(744, '1982-03-01', 'FRE1', '278140.07'),
(745, '1982-04-01', 'FRE1', '48411.84'),
(746, '1982-05-01', 'FRE1', '907639.04'),
(747, '1982-06-01', 'FRE1', '1392959.75'),
(748, '1982-07-01', 'FRE1', '1241881.64'),
(749, '1982-08-01', 'FRE1', '530529.00'),
(750, '1982-09-01', 'FRE1', '427000.12'),
(751, '1982-10-01', 'FRE1', '543413.65'),
(752, '1982-11-01', 'FRE1', '1436067.92'),
(753, '1982-12-01', 'FRE1', '1050098.71'),
(754, '1983-01-01', 'FRE1', '942289.85'),
(755, '1983-02-01', 'FRE1', '61153.13'),
(756, '1983-03-01', 'FRE1', '478896.19'),
(757, '1983-04-01', 'FRE1', '711021.57'),
(758, '1983-05-01', 'FRE1', '618419.33'),
(759, '1983-06-01', 'FRE1', '959031.99'),
(760, '1983-07-01', 'FRE1', '1439902.01'),
(761, '1983-08-01', 'FRE1', '1322414.14'),
(762, '1983-09-01', 'FRE1', '792364.69'),
(763, '1983-10-01', 'FRE1', '1494581.08'),
(764, '1983-11-01', 'FRE1', '595811.36'),
(765, '1983-12-01', 'FRE1', '1495313.63'),
(766, '1984-01-01', 'FRE1', '1189134.12'),
(767, '1984-02-01', 'FRE1', '1459729.76'),
(768, '1984-03-01', 'FRE1', '731246.49'),
(769, '1984-04-01', 'FRE1', '777043.23'),
(770, '1984-05-01', 'FRE1', '191476.69'),
(771, '1984-06-01', 'FRE1', '126253.82'),
(772, '1984-07-01', 'FRE1', '56839.07'),
(773, '1984-08-01', 'FRE1', '1405433.93'),
(774, '1984-09-01', 'FRE1', '856652.49'),
(775, '1984-10-01', 'FRE1', '66960.69'),
(776, '1984-11-01', 'FRE1', '764846.03'),
(777, '1984-12-01', 'FRE1', '623348.12'),
(778, '1985-01-01', 'FRE1', '822202.57'),
(779, '1985-02-01', 'FRE1', '740968.55'),
(780, '1985-03-01', 'FRE1', '1238235.07'),
(781, '1985-04-01', 'FRE1', '968269.75'),
(782, '1985-05-01', 'FRE1', '1126643.57'),
(783, '1985-06-01', 'FRE1', '1228408.64'),
(784, '1985-07-01', 'FRE1', '1262112.53'),
(785, '1985-08-01', 'FRE1', '1125336.79'),
(786, '1985-09-01', 'FRE1', '340346.39'),
(787, '1985-10-01', 'FRE1', '1325721.65'),
(788, '1985-11-01', 'FRE1', '1107569.12'),
(789, '1985-12-01', 'FRE1', '60680.71'),
(790, '1986-01-01', 'FRE1', '1480696.22'),
(791, '1986-02-01', 'FRE1', '1221439.04'),
(792, '1986-03-01', 'FRE1', '165106.56'),
(793, '1986-04-01', 'FRE1', '161215.73'),
(794, '1986-05-01', 'FRE1', '310759.03'),
(795, '1986-06-01', 'FRE1', '1070148.01'),
(796, '1986-07-01', 'FRE1', '1418463.02'),
(797, '1986-08-01', 'FRE1', '881871.10'),
(798, '1986-09-01', 'FRE1', '153966.48'),
(799, '1986-10-01', 'FRE1', '1124219.16'),
(800, '1986-11-01', 'FRE1', '659196.40'),
(801, '1986-12-01', 'FRE1', '1423324.58'),
(802, '1987-01-01', 'FRE1', '639033.76'),
(803, '1987-02-01', 'FRE1', '425195.08'),
(804, '1987-03-01', 'FRE1', '208874.16'),
(805, '1987-04-01', 'FRE1', '1268785.63'),
(806, '1987-05-01', 'FRE1', '1217305.70'),
(807, '1987-06-01', 'FRE1', '780171.68'),
(808, '1987-07-01', 'FRE1', '248941.32'),
(809, '1987-08-01', 'FRE1', '404191.63'),
(810, '1987-09-01', 'FRE1', '1274134.24'),
(811, '1987-10-01', 'FRE1', '658096.35'),
(812, '1987-11-01', 'FRE1', '968079.07'),
(813, '1987-12-01', 'FRE1', '1366106.35'),
(814, '1988-01-01', 'FRE1', '926294.60'),
(815, '1988-02-01', 'FRE1', '533153.97'),
(816, '1988-03-01', 'FRE1', '1386886.11'),
(817, '1988-04-01', 'FRE1', '834968.67'),
(818, '1988-05-01', 'FRE1', '14185.07'),
(819, '1988-06-01', 'FRE1', '566019.37'),
(820, '1988-07-01', 'FRE1', '1287541.72'),
(821, '1988-08-01', 'FRE1', '239650.52'),
(822, '1988-09-01', 'FRE1', '335627.49'),
(823, '1988-10-01', 'FRE1', '959185.92'),
(824, '1988-11-01', 'FRE1', '789047.19'),
(825, '1988-12-01', 'FRE1', '1067678.23'),
(826, '1989-01-01', 'FRE1', '1471249.62'),
(827, '1989-02-01', 'FRE1', '1153213.47'),
(828, '1989-03-01', 'FRE1', '1352318.54'),
(829, '1989-04-01', 'FRE1', '301952.32'),
(830, '1989-05-01', 'FRE1', '452806.04'),
(831, '1989-06-01', 'FRE1', '1358173.28'),
(832, '1989-07-01', 'FRE1', '932448.34'),
(833, '1989-08-01', 'FRE1', '587721.91'),
(834, '1989-09-01', 'FRE1', '141264.55'),
(835, '1989-10-01', 'FRE1', '443157.10'),
(836, '1989-11-01', 'FRE1', '291991.87'),
(837, '1989-12-01', 'FRE1', '130488.12'),
(838, '1990-01-01', 'FRE1', '1276465.01'),
(839, '1990-02-01', 'FRE1', '1490860.74'),
(840, '1990-03-01', 'FRE1', '624908.73'),
(841, '1990-04-01', 'FRE1', '151961.48'),
(842, '1990-05-01', 'FRE1', '385081.26'),
(843, '1990-06-01', 'FRE1', '1469521.92'),
(844, '1990-07-01', 'FRE1', '192365.84'),
(845, '1990-08-01', 'FRE1', '1053263.50'),
(846, '1990-09-01', 'FRE1', '189220.03'),
(847, '1990-10-01', 'FRE1', '786309.67'),
(848, '1990-11-01', 'FRE1', '363888.32'),
(849, '1990-12-01', 'FRE1', '960512.65'),
(850, '1991-01-01', 'FRE1', '710898.31'),
(851, '1991-02-01', 'FRE1', '672953.65'),
(852, '1991-03-01', 'FRE1', '1232073.39'),
(853, '1991-04-01', 'FRE1', '1141506.03'),
(854, '1991-05-01', 'FRE1', '511310.04'),
(855, '1991-06-01', 'FRE1', '632032.13'),
(856, '1991-07-01', 'FRE1', '126230.59'),
(857, '1991-08-01', 'FRE1', '235056.60'),
(858, '1991-09-01', 'FRE1', '796591.28'),
(859, '1991-10-01', 'FRE1', '277786.64'),
(860, '1991-11-01', 'FRE1', '499159.42'),
(861, '1991-12-01', 'FRE1', '162437.20'),
(862, '1992-01-01', 'FRE1', '814707.79'),
(863, '1992-02-01', 'FRE1', '586227.42'),
(864, '1992-03-01', 'FRE1', '487013.77'),
(865, '1992-04-01', 'FRE1', '676386.65'),
(866, '1992-05-01', 'FRE1', '420891.96'),
(867, '1992-06-01', 'FRE1', '75299.91'),
(868, '1992-07-01', 'FRE1', '613823.71'),
(869, '1992-08-01', 'FRE1', '1343218.88'),
(870, '1992-09-01', 'FRE1', '374623.30'),
(871, '1992-10-01', 'FRE1', '843459.92'),
(872, '1992-11-01', 'FRE1', '93429.75'),
(873, '1992-12-01', 'FRE1', '936769.01'),
(874, '1993-01-01', 'FRE1', '1403555.86'),
(875, '1993-02-01', 'FRE1', '1207472.33'),
(876, '1993-03-01', 'FRE1', '326694.11'),
(877, '1993-04-01', 'FRE1', '1011053.60'),
(878, '1993-05-01', 'FRE1', '1075185.71'),
(879, '1993-06-01', 'FRE1', '842767.81'),
(880, '1993-07-01', 'FRE1', '988281.96'),
(881, '1993-08-01', 'FRE1', '913106.43'),
(882, '1993-09-01', 'FRE1', '100686.32'),
(883, '1993-10-01', 'FRE1', '764112.35'),
(884, '1993-11-01', 'FRE1', '518502.82'),
(885, '1993-12-01', 'FRE1', '300177.09'),
(886, '1994-01-01', 'FRE1', '1445377.03'),
(887, '1994-02-01', 'FRE1', '326353.92'),
(888, '1994-03-01', 'FRE1', '295638.57'),
(889, '1994-04-01', 'FRE1', '499131.12'),
(890, '1994-05-01', 'FRE1', '108739.95'),
(891, '1994-06-01', 'FRE1', '546306.43'),
(892, '1994-07-01', 'FRE1', '905312.36'),
(893, '1994-08-01', 'FRE1', '1387642.56'),
(894, '1994-09-01', 'FRE1', '1222275.75'),
(895, '1994-10-01', 'FRE1', '448451.14'),
(896, '1994-11-01', 'FRE1', '75428.47'),
(897, '1994-12-01', 'FRE1', '531789.00'),
(898, '1995-01-01', 'FRE1', '932659.62'),
(899, '1995-02-01', 'FRE1', '67931.14'),
(900, '1995-03-01', 'FRE1', '541676.87'),
(901, '1995-04-01', 'FRE1', '1004591.01'),
(902, '1995-05-01', 'FRE1', '397924.49'),
(903, '1995-06-01', 'FRE1', '475849.44'),
(904, '1995-07-01', 'FRE1', '1185473.78'),
(905, '1995-08-01', 'FRE1', '1499820.61'),
(906, '1995-09-01', 'FRE1', '942681.78'),
(907, '1995-10-01', 'FRE1', '213947.10'),
(908, '1995-11-01', 'FRE1', '1241690.23'),
(909, '1995-12-01', 'FRE1', '1066609.88'),
(910, '1996-01-01', 'FRE1', '107978.74'),
(911, '1996-02-01', 'FRE1', '340064.11'),
(912, '1996-03-01', 'FRE1', '1376384.40'),
(913, '1996-04-01', 'FRE1', '1361729.72'),
(914, '1996-05-01', 'FRE1', '1179495.42'),
(915, '1996-06-01', 'FRE1', '312288.00'),
(916, '1996-07-01', 'FRE1', '1022953.79'),
(917, '1996-08-01', 'FRE1', '1177904.97'),
(918, '1996-09-01', 'FRE1', '1320663.56'),
(919, '1996-10-01', 'FRE1', '69602.92'),
(920, '1996-11-01', 'FRE1', '886023.98'),
(921, '1996-12-01', 'FRE1', '1221311.18'),
(922, '1997-01-01', 'FRE1', '448484.02'),
(923, '1997-02-01', 'FRE1', '78486.60'),
(924, '1997-03-01', 'FRE1', '546980.99'),
(925, '1997-04-01', 'FRE1', '999445.17'),
(926, '1997-05-01', 'FRE1', '356282.94'),
(927, '1997-06-01', 'FRE1', '283079.23'),
(928, '1997-07-01', 'FRE1', '346547.40'),
(929, '1997-08-01', 'FRE1', '883499.35'),
(930, '1997-09-01', 'FRE1', '377854.58'),
(931, '1997-10-01', 'FRE1', '738774.89'),
(932, '1997-11-01', 'FRE1', '1060310.75'),
(933, '1997-12-01', 'FRE1', '85229.16'),
(934, '1998-01-01', 'FRE1', '245213.57'),
(935, '1998-02-01', 'FRE1', '970380.44'),
(936, '1998-03-01', 'FRE1', '1116261.52'),
(937, '1998-04-01', 'FRE1', '1170166.32'),
(938, '1998-05-01', 'FRE1', '1002047.09'),
(939, '1998-06-01', 'FRE1', '1499736.54'),
(940, '1998-07-01', 'FRE1', '1492541.46'),
(941, '1998-08-01', 'FRE1', '1463497.75'),
(942, '1998-09-01', 'FRE1', '1339864.40'),
(943, '1998-10-01', 'FRE1', '808828.78'),
(944, '1998-11-01', 'FRE1', '24550.78'),
(945, '1998-12-01', 'FRE1', '696267.60'),
(946, '1999-01-01', 'FRE1', '407685.70'),
(947, '1999-02-01', 'FRE1', '1449625.74'),
(948, '1999-03-01', 'FRE1', '25071.65'),
(949, '1999-04-01', 'FRE1', '276481.08'),
(950, '1999-05-01', 'FRE1', '1307190.48'),
(951, '1999-06-01', 'FRE1', '1206509.20'),
(952, '1999-07-01', 'FRE1', '610974.62'),
(953, '1999-08-01', 'FRE1', '935345.52'),
(954, '1999-09-01', 'FRE1', '1343803.82'),
(955, '1999-10-01', 'FRE1', '912982.59'),
(956, '1999-11-01', 'FRE1', '533501.53');

--
-- Index pour les tables déchargées
--

--
-- Index pour la table `compagnies`
--
ALTER TABLE `compagnies`
  ADD PRIMARY KEY (`comp`);

--
-- Index pour la table `pilots`
--
ALTER TABLE `pilots`
  ADD PRIMARY KEY (`certificate`),
  ADD UNIQUE KEY `un_name` (`name`),
  ADD KEY `lead_pl` (`lead_pl`);

--
-- Index pour la table `sales`
--
ALTER TABLE `sales`
  ADD PRIMARY KEY (`id`),
  ADD KEY `fk_sales_compagny` (`compagny`);

--
-- AUTO_INCREMENT pour les tables déchargées
--

--
-- AUTO_INCREMENT pour la table `sales`
--
ALTER TABLE `sales`
  MODIFY `id` bigint(20) UNSIGNED NOT NULL AUTO_INCREMENT, AUTO_INCREMENT=957;

--
-- Contraintes pour les tables déchargées
--

--
-- Contraintes pour la table `pilots`
--
ALTER TABLE `pilots`
  ADD CONSTRAINT `pilots_ibfk_1` FOREIGN KEY (`lead_pl`) REFERENCES `pilots` (`certificate`);

--
-- Contraintes pour la table `sales`
--
ALTER TABLE `sales`
  ADD CONSTRAINT `fk_sales_compagny` FOREIGN KEY (`compagny`) REFERENCES `compagnies` (`comp`);
COMMIT;

/*!40101 SET CHARACTER_SET_CLIENT=@OLD_CHARACTER_SET_CLIENT */;
/*!40101 SET CHARACTER_SET_RESULTS=@OLD_CHARACTER_SET_RESULTS */;
/*!40101 SET COLLATION_CONNECTION=@OLD_COLLATION_CONNECTION */;
